Model,RMSE,R-squared
Linear Regression,29140.464516861615,0.320110894725985
Random Forest,30900.562443630155,0.23549926026691603
XGBoost,28619.741055297076,0.3441922551038248
